organization_name,country_code,appearance_count,last_status,last_attempt_at,attempt_count,last_method,latitude,longitude,geocode_status,geocode_display_name,geocode_source,resolved_at
A*STAR Graduate Academy,SG,2,not_found,2026-03-12T03:54:56+00:00,1,"source_ror,source_openalex,source_wikipedia,source_osm_overpass,source_nominatim",1.304275,103.791929,ok,A*STAR Graduate Academy,wikidata_search,2026-03-26T23:57:01+00:00
Active Technologies (Italy),GR,1,not_found,2026-03-11T23:00:49+00:00,1,"source_ror,source_openalex,source_wikipedia,source_osm_overpass,source_nominatim",44.814823150634766,11.586255073547363,ok,Active Technologies (Italy),openalex,2026-03-26T23:57:02+00:00
Advanced Device Technology (United States),JP,1,not_found,2026-03-12T04:47:35+00:00,1,"source_ror,source_openalex,source_wikipedia,source_osm_overpass,source_nominatim",42.77595520019531,-71.24034118652344,ok,Advanced Device Technology (United States),openalex,2026-03-26T23:57:02+00:00
Advanced Processing Technology (United States),CN,5,not_found,2026-03-12T04:08:54+00:00,1,"source_ror,source_openalex,source_wikipedia,source_osm_overpass,source_nominatim",35.251678466796875,-97.49007415771484,ok,Advanced Processing Technology (United States),openalex,2026-03-26T23:57:04+00:00
Akhmet Baitursynuly Kostanay Regional University,KZ,2,not_found,2026-03-12T03:50:38+00:00,1,"source_ror,source_openalex,source_wikipedia,source_osm_overpass,source_nominatim",52.0615626,62.9372689,ok,"Kostanay Region, Kazakhstan",wikidata_search_description_place,2026-03-27T04:14:12+00:00
Alex's Lemonade Stand Foundation,AU,1,not_found,2026-03-12T04:10:43+00:00,1,"source_ror,source_openalex,source_wikipedia,source_osm_overpass,source_nominatim",40.0075,-75.2342,ok,Alex's Lemonade Stand Foundation,wikidata_search,2026-03-26T23:57:36+00:00
Amsterdam UMC Location VUmc,NL,1,not_found,2026-03-11T21:01:51+00:00,1,"source_ror,source_openalex,source_wikipedia,source_osm_overpass,source_nominatim",52.334632,4.8599107,ok,"Amsterdam UMC - locatie VUMC, 1117, De Boelelaan, VU-kwartier, Zuidas, Zuid, Amsterdam, North Holland, Netherlands, 1081 HV, Netherlands",alias->nominatim,2026-03-27T02:42:38+00:00
Azienda Socio Sanitaria Territoriale Santi Paolo e Carlo,IT,1,not_found,2026-03-11T20:18:04+00:00,1,"source_ror,source_openalex,source_wikipedia,source_osm_overpass,source_nominatim",45.434328,9.15913,ok,ASST Santi Paolo e Carlo,alias->wikidata_search,2026-03-27T02:42:39+00:00
Azienda ULSS 9 TREVISO,IT,2,not_found,2026-03-11T22:38:26+00:00,1,"source_ror,source_openalex,source_wikipedia,source_osm_overpass,source_nominatim",45.661177,12.268281,ok,Azienda ULSS 9 TREVISO,wikidata_search,2026-03-26T23:58:26+00:00
Brain Tools (United States),DE,1,not_found,2026-03-12T04:52:45+00:00,1,"source_ror,source_openalex,source_wikipedia,source_osm_overpass,source_nominatim",44.54043960571289,-123.36790466308594,ok,Brain Tools (United States),openalex,2026-03-26T23:58:27+00:00
Buenos Aires Institute of Technology,AR,4,not_found,2026-03-11T19:37:20+00:00,1,"source_ror,source_openalex,source_wikipedia,source_osm_overpass,source_nominatim",-34.641507123544024,-58.40639192794894,ok,Buenos Aires Institute of Technology,wikidata_search,2026-03-26T23:58:34+00:00
Catalytic Materials (United States),JP,1,not_found,2026-03-12T04:37:00+00:00,1,"source_ror,source_openalex,source_wikipedia,source_osm_overpass,source_nominatim",35.844566345214844,-79.13113403320312,ok,Catalytic Materials (United States),openalex,2026-03-26T23:58:35+00:00
Center for Research and Advanced Studies of the National Polytechnic Institute,MX,13,not_found,2026-03-11T23:06:09+00:00,1,"source_ror,source_openalex,source_wikipedia,source_osm_overpass,source_nominatim",19.50916667,-99.12944444,ok,CINVESTAV,alias->wikipedia_wikidata,2026-03-27T02:42:45+00:00
Center for Research and Telecommunication Experimentation for Networked Communities,IT,1,not_found,2026-03-12T03:32:27+00:00,1,"source_ror,source_openalex,source_wikipedia,source_osm_overpass,source_nominatim",46.0705339,11.1509993,ok,"CREATE NET / FBK, 56d, Via alla Cascata, Panté di Sopra, Oltrecastello, Povo, Trento, Territorio Val d'Adige, Provincia di Trento, Trentino – Alto Adige/Südtirol, 38123, Italy","manual_geocode:CREATE NET / FBK, 56d Via alla Cascata, Trento, Italy",2026-03-27T10:29:25+00:00
Center for Scientific Research and Higher Education at Ensenada,MX,3,not_found,2026-03-12T04:02:18+00:00,1,"source_ror,source_openalex,source_wikipedia,source_osm_overpass,source_nominatim",31.879578,-116.619889,ok,"Cicese, Ruiz Avenue, Ensenada, Municipio de Ensenada, Baja California, 22800, Mexico",alias->nominatim,2026-03-27T02:43:21+00:00
Centre National pour la Recherche Scientifique et Technique (CNRST),FR,2,not_found,2026-03-12T04:26:17+00:00,1,"source_ror,source_openalex,source_wikipedia,source_osm_overpass,source_nominatim",33.97034,-6.874494,ok,Centre national de la recherche scientifique,wikidata_search,2026-03-27T00:00:15+00:00
Centre de Recherche Inria Bordeaux - Sud-Ouest,FR,4,not_found,2026-03-12T09:34:03+00:00,1,"source_ror,source_openalex,source_wikipedia,source_osm_overpass,source_nominatim",44.8087686,-0.6002103,ok,"INRIA, Avenue de la Vieille Tour, Talence, Bordeaux, Gironde, Nouvelle-Aquitaine, Metropolitan France, 33400, France",alias->nominatim,2026-03-27T02:43:37+00:00
Centre de Recherche en Acquisition et Traitement de l'Image pour la Santé,CN,1,not_found,2026-03-12T03:24:27+00:00,1,"source_ror,source_openalex,source_wikipedia,source_osm_overpass,source_nominatim",45.7816645,4.8681545,ok,Université Claude Bernard Lyon 1,manual_copy:Université Claude Bernard Lyon 1,2026-03-27T10:29:25+00:00
Centre de recherche Inria Lille - Nord Europe,FR,10,not_found,2026-03-12T03:18:40+00:00,1,"source_ror,source_openalex,source_wikipedia,source_osm_overpass,source_nominatim",50.6056073,3.14787,ok,"Centre INRIA de l'université de Lille Bâtiment A, 40, Avenue Halley, Parc d'activités la Haute Borne, La Haute-Borne, Haute-Borne, Villeneuve-d'Ascq, Lille, Nord, Hauts-de-France, Metropolitan France, 59650, France",alias->nominatim,2026-03-27T02:44:10+00:00
Centre for Biomedical Engineering and Physics,IN,2,not_found,2026-03-12T00:25:40+00:00,1,"source_ror,source_openalex,source_wikipedia,source_osm_overpass,source_nominatim",63.825342,20.263241,ok,Centre for Biomedical Engineering and Physics,wikidata_search,2026-03-27T00:01:41+00:00
Chan Zuckerberg Biohub Chicago,US,1,not_found,2026-03-12T11:38:07+00:00,1,"source_ror,source_openalex,source_wikipedia,source_osm_overpass,source_nominatim",41.8755616,-87.6244212,ok,"Chicago, South Chicago Township, Cook County, Illinois, United States",wikidata_search_description_place,2026-03-27T04:14:58+00:00
Chemical Synthesis Lab,JP,1,not_found,2026-03-12T10:00:59+00:00,1,"source_ror,source_openalex,source_wikipedia,source_osm_overpass,source_nominatim",1.299612,103.78773,ok,Chemical Synthesis Lab,wikidata_search,2026-03-27T00:02:20+00:00
Children's Hospital Foundation,KR,1,not_found,2026-03-12T03:31:49+00:00,1,"source_ror,source_openalex,source_wikipedia,source_osm_overpass,source_nominatim",49.244444,-123.125556,ok,BC Children's Hospital Foundation,wikipedia_wikidata,2026-03-27T00:02:26+00:00
Chinese General Hospital College of Nursing and Liberal Arts,CN,1,not_found,2026-03-12T01:22:39+00:00,1,"source_ror,source_openalex,source_wikipedia,source_osm_overpass,source_nominatim",14.62525278,120.98793611,ok,Chinese General Hospital Colleges,wikipedia_wikidata,2026-03-27T00:02:32+00:00
Chinese Society of Clinical Oncology,CN,2,not_found,2026-03-12T03:57:19+00:00,1,"source_ror,source_openalex,source_wikipedia,source_osm_overpass,source_nominatim",39.9057136,116.3912972,ok,"Beijing, China",wikidata_search_description_place,2026-03-27T04:15:06+00:00
"Consejo Nacional de Humanidades,Ciencias y Tecnologías",MX,2,not_found,2026-03-12T00:41:26+00:00,1,"source_ror,source_openalex,source_wikipedia,source_osm_overpass,source_nominatim",19.3644946,-99.1814664,ok,"Secretaría de Ciencia, Humanidades, Tecnología e Innovación, 1582, Avenida Insurgentes Sur, Colonia Crédito constructor, Mexico City, Benito Juárez, Mexico City, 03940, Mexico","manual_geocode:Av. Insurgentes Sur 1582, Benito Juarez, Mexico City, Mexico",2026-03-27T10:29:25+00:00
Cytoskeleton (United States),ES,1,not_found,2026-03-11T20:23:12+00:00,1,"source_ror,source_openalex,source_wikipedia,source_osm_overpass,source_nominatim",39.68323516845703,-104.98860168457031,ok,Cytoskeleton (United States),openalex,2026-03-27T00:03:33+00:00
Defense Acquisition Program Administration,BE,1,not_found,2026-03-12T00:58:00+00:00,1,"source_ror,source_openalex,source_wikipedia,source_osm_overpass,source_nominatim",37.4268,126.985,ok,Defense Acquisition Program Administration,wikidata_search,2026-03-27T00:03:40+00:00
Deleted Institution,ES,1,not_found,2026-03-12T11:16:36+00:00,1,"source_ror,source_openalex,source_wikipedia,source_osm_overpass,source_nominatim",41.3825802,2.177073,ok,"Barcelona, Barcelonès, Barcelona, Catalonia, Spain","manual_geocode:Barcelona, Spain",2026-03-27T10:29:26+00:00
Eulji University Hospital,KR,1,not_found,2026-03-11T20:01:12+00:00,1,"source_ror,source_openalex,source_wikipedia,source_osm_overpass,source_nominatim",36.333338,127.404904,ok,Eulji University,wikipedia_wikidata,2026-03-27T00:04:19+00:00
European Centre for Living Technology,DE,1,not_found,2026-03-12T03:56:11+00:00,1,"source_ror,source_openalex,source_wikipedia,source_osm_overpass,source_nominatim",45.4371908,12.3345898,ok,"Venice, Venezia, Veneto, 30121-30176, Italy","manual_geocode:Venice, Italy",2026-03-27T10:29:26+00:00
European Neuroendocrine Tumor Society,CA,3,not_found,2026-03-12T09:00:51+00:00,1,"source_ror,source_openalex,source_wikipedia,source_osm_overpass,source_nominatim",52.5258041,13.3795417,ok,"Langenbeck-Virchow-Haus, Luisenstraße, Charitéviertel, Mitte, Berlin, 10117, Germany",manual_geocode:Langenbeck-Virchow-Haus Berlin,2026-03-27T10:33:54+00:00
Grenoble Images Parole Signal Automatique,FR,4,not_found,2026-03-12T03:36:43+00:00,1,"source_ror,source_openalex,source_wikipedia,source_osm_overpass,source_nominatim",45.193146,5.76628,ok,Grenoble Images Parole Signal Automatique,wikidata_search,2026-03-27T00:05:05+00:00
Hong Kong Science and Technology Parks Corporation,CN,10,not_found,2026-03-12T04:13:32+00:00,1,"source_ror,source_openalex,source_wikipedia,source_osm_overpass,source_nominatim",22.426565,114.21124888888889,ok,Hong Kong Science and Technology Parks Corporation,wikidata_search,2026-03-27T00:05:14+00:00
Institut des Sciences Cognitives Marc Jeannerod,DE,1,not_found,2026-03-12T11:13:19+00:00,1,"source_ror,source_openalex,source_wikipedia,source_osm_overpass,source_nominatim",45.7337532,4.9092352,ok,"Bron, Lyon, Métropole de Lyon, Rhône, Auvergne-Rhône-Alpes, Metropolitan France, 69500, France","manual_geocode:Bron, France",2026-03-27T10:29:50+00:00
Institute of Biological and Medical Imaging,DE,1,not_found,2026-03-12T02:22:13+00:00,1,"source_ror,source_openalex,source_wikipedia,source_osm_overpass,source_nominatim",48.1371079,11.5753822,ok,"Munich, Bavaria, Germany",wikidata_search_description_place,2026-03-27T04:16:38+00:00
"Institute of Plant and Microbial Biology,Academia Sinica",CH,2,not_found,2026-03-12T03:05:16+00:00,1,"source_ror,source_openalex,source_wikipedia,source_osm_overpass,source_nominatim",25.04262924194336,121.61524963378906,ok,"Institute of Plant and Microbial Biology, Academia Sinica",alias->openalex,2026-03-27T02:46:44+00:00
Intelligent Systems Research (United States),AU,1,not_found,2026-03-12T00:08:40+00:00,1,"source_ror,source_openalex,source_wikipedia,source_osm_overpass,source_nominatim",34.148231506347656,-118.76197052001953,ok,Intelligent Systems Research (United States),openalex,2026-03-27T00:06:38+00:00
KITE Research Institute,CA,1,not_found,2026-03-12T04:19:00+00:00,1,"source_ror,source_openalex,source_wikipedia,source_osm_overpass,source_nominatim",43.6534817,-79.3839347,ok,"Toronto, Golden Horseshoe, Ontario, Canada",wikidata_search_description_place,2026-03-27T04:16:43+00:00
Korea Institute of Brain Science,DE,1,not_found,2026-03-12T02:03:27+00:00,1,"source_ror,source_openalex,source_wikipedia,source_osm_overpass,source_nominatim",37.52616,127.022697,ok,Korea Institute of Brain Science,wikidata_search,2026-03-27T00:07:12+00:00
"Laboratoire Images,signaux et systèmes intelligents",FR,3,not_found,2026-03-12T04:23:44+00:00,1,"source_ror,source_openalex,source_wikipedia,source_osm_overpass,source_nominatim",48.849998474121094,2.5999999046325684,ok,Paris-Est Sup,manual_copy:Paris-Est Sup,2026-03-27T10:29:50+00:00
Laboratoire de commande et de robotique,CA,1,not_found,2026-03-12T04:24:12+00:00,1,"source_ror,source_openalex,source_wikipedia,source_osm_overpass,source_nominatim",45.5031824,-73.5698065,ok,"Montreal, Urban agglomeration of Montreal, Montreal (administrative region), Quebec, Canada",wikidata_search_description_place,2026-03-27T04:16:56+00:00
Laboratoire d’Imagerie Biomédicale,CN,3,not_found,2026-03-12T01:02:12+00:00,1,"source_ror,source_openalex,source_wikipedia,source_osm_overpass,source_nominatim",22.54553985595703,114.06829833984375,ok,Shenzhen University,manual_copy:Shenzhen University,2026-03-27T10:29:50+00:00
Liaoning Academy of Materials,CN,2,not_found,2026-03-12T04:27:31+00:00,1,"source_ror,source_openalex,source_wikipedia,source_osm_overpass,source_nominatim",41.8026095,123.4279105,ok,"Shenyang City, Liaoning, China",wikidata_search_description_place,2026-03-27T04:17:21+00:00
Max Planck School Matter to Life,DE,1,not_found,2026-03-12T06:33:59+00:00,1,"source_ror,source_openalex,source_wikipedia,source_osm_overpass,source_nominatim",49.4120561,8.6760329,ok,"Max-Planck-Institut für medizinische Forschung, 29, Jahnstraße, Neuenheimer Feld, Neuenheim, Heidelberg, Baden-Württemberg, 69120, Germany","manual_geocode:Jahnstrasse 29, 69120 Heidelberg, Germany",2026-03-27T10:29:50+00:00
Megvii (China),CN,1,not_found,2026-03-12T01:59:40+00:00,1,"source_ror,source_openalex,source_wikipedia,source_osm_overpass,source_nominatim",39.90403,116.407526,ok,Megvii,wikidata_search,2026-03-27T00:09:16+00:00
Milano University Press,CH,2,not_found,2026-03-12T03:30:11+00:00,1,"source_ror,source_openalex,source_wikipedia,source_osm_overpass,source_nominatim",45.4641943,9.1896346,ok,"Milan, Lombardy, Italy","manual_geocode:Milan, Italy",2026-03-27T10:29:51+00:00
Molecular Oncology (United States),IT,1,not_found,2026-03-12T01:32:08+00:00,1,"source_ror,source_openalex,source_wikipedia,source_osm_overpass,source_nominatim",39.14390563964844,-77.2022476196289,ok,Molecular Oncology (United States),openalex,2026-03-27T00:09:56+00:00
NHS Greater Glasgow and Clyde,AU,1,not_found,2026-03-12T11:34:05+00:00,1,"source_ror,source_openalex,source_wikipedia,source_osm_overpass,source_nominatim",55.862,-4.25448,ok,Greater Glasgow,wikipedia_wikidata,2026-03-27T00:10:02+00:00
NSWC Indian Head,US,1,not_found,2026-03-12T00:33:34+00:00,1,"source_ror,source_openalex,source_wikipedia,source_osm_overpass,source_nominatim",38.5997628,-77.1647714,ok,"Indian Head, Charles County, Maryland, United States","manual_geocode:Indian Head, Maryland, United States",2026-03-27T10:29:52+00:00
Naval Research Laboratory Information Technology Division,US,1,not_found,2026-03-12T07:59:43+00:00,1,"source_ror,source_openalex,source_wikipedia,source_osm_overpass,source_nominatim",38.8950368,-77.0365427,ok,"Washington, District of Columbia, United States",wikidata_search_description_place,2026-03-27T04:18:30+00:00
Office of Environmental Management,KR,1,not_found,2026-03-11T22:28:30+00:00,1,"source_ror,source_openalex,source_wikipedia,source_osm_overpass,source_nominatim",38.887016,-77.025607,ok,Office of Environmental Management,wikidata_search,2026-03-27T00:11:18+00:00
Osaka Medical Center for Cancer and Cardiovascular Diseases,JP,2,not_found,2026-03-11T19:35:29+00:00,1,"source_ror,source_openalex,source_wikipedia,source_osm_overpass,source_nominatim",34.6761695,135.534883,ok,"Nakamichi 3-chome, Higashinari Ward, Osaka, Osaka Prefecture, 537-0025, Japan","manual_geocode:1-3-3 Nakamichi, Higashinari-ku, Osaka 537-8511, Japan",2026-03-27T10:33:54+00:00
PRG S&Tech (South Korea),CN,1,not_found,2026-03-12T00:18:36+00:00,1,"source_ror,source_openalex,source_wikipedia,source_osm_overpass,source_nominatim",35.24166667,129.09166667,ok,PRG S&Tech (South Korea),wikidata_search,2026-03-27T00:12:03+00:00
Pain and Rehabilitation Medicine,CN,2,not_found,2026-03-12T00:16:49+00:00,1,"source_ror,source_openalex,source_wikipedia,source_osm_overpass,source_nominatim",31.2206121,121.4679482,ok,Ruijin Hospital,manual_copy:Ruijin Hospital,2026-03-27T10:30:15+00:00
Paul Pascal Research Center,FR,4,not_found,2026-03-12T00:21:04+00:00,1,"source_ror,source_openalex,source_wikipedia,source_osm_overpass,source_nominatim",44.800854,-0.615742,ok,Paul Pascal Research Center,wikidata_search,2026-03-27T00:12:38+00:00
Philipps University of Marburg,CH,1,not_found,2026-03-12T10:15:52+00:00,1,"source_ror,source_openalex,source_wikipedia,source_osm_overpass,source_nominatim",50.810833333333,8.7736111111111,ok,University of Marburg,wikidata_search,2026-03-27T00:12:46+00:00
Power Systems Engineering Research Center,CN,3,not_found,2026-03-12T00:03:51+00:00,1,"source_ror,source_openalex,source_wikipedia,source_osm_overpass,source_nominatim",33.425555555555555,-111.94,ok,Power Systems Engineering Research Center,wikidata_search,2026-03-27T00:12:53+00:00
Research Centre Inria Sophia Antipolis - Méditerranée,FR,6,not_found,2026-03-12T07:02:13+00:00,1,"source_ror,source_openalex,source_wikipedia,source_osm_overpass,source_nominatim",43.61577485736114,7.068551506508389,ok,Research Centre Inria Sophia Antipolis - Méditerranée,wikidata_search,2026-03-27T00:12:59+00:00
Research Institute of Precision Instruments (Russia),CN,3,not_found,2026-03-12T00:48:26+00:00,1,"source_ror,source_openalex,source_wikipedia,source_osm_overpass,source_nominatim",55.863956451416016,37.6180419921875,ok,Research Institute of Precision Instruments (Russia),openalex,2026-03-27T00:12:59+00:00
"Rio de Janeiro Federal Institute of Education,Science and Technology",BR,1,not_found,2026-03-12T07:14:48+00:00,1,"source_ror,source_openalex,source_wikipedia,source_osm_overpass,source_nominatim",-22.9135944,-43.2456867,ok,Federal Institute of Rio de Janeiro,alias->wikipedia_wikidata,2026-03-27T02:49:48+00:00
Roche Pharma AG (Germany),DE,1,not_found,2026-03-12T06:11:27+00:00,1,"source_ror,source_openalex,source_wikipedia,source_osm_overpass,source_nominatim",47.54999923706055,7.683330059051514,ok,Roche Pharma AG (Germany),openalex,2026-03-27T00:13:33+00:00
Rutgers Sexual and Reproductive Health and Rights,DE,2,not_found,2026-03-12T04:32:42+00:00,1,"source_ror,source_openalex,source_wikipedia,source_osm_overpass,source_nominatim",52.0822873,5.1175496,ok,"696, Arthur van Schendelstraat, Hooch Boulandt, Binnenstad Woongebied, Binnenstad, Utrecht, Netherlands, 3511 MJ, Netherlands","manual_geocode:Arthur van Schendelstraat 696, Utrecht, Netherlands",2026-03-27T10:30:15+00:00
Salford Royal NHS Foundation Trust,GB,1,not_found,2026-03-12T01:58:04+00:00,1,"source_ror,source_openalex,source_wikipedia,source_osm_overpass,source_nominatim",53.48771,-2.29042,ok,Salford Royal NHS Foundation Trust,openalex,2026-03-27T00:13:59+00:00
Salisbury NHS Foundation Trust,GB,1,not_found,2026-03-12T11:36:13+00:00,1,"source_ror,source_openalex,source_wikipedia,source_osm_overpass,source_nominatim",51.045528411865234,-1.7887150049209595,ok,Salisbury NHS Foundation Trust,openalex,2026-03-27T00:14:00+00:00
Sant Longowal Institute of Engineering and Technology,IN,1,not_found,2026-03-12T11:44:11+00:00,1,"source_ror,source_openalex,source_wikipedia,source_osm_overpass,source_nominatim",30.245059967041016,75.84487915039062,ok,Sant Longowal Institute of Engineering and Technology,openalex,2026-03-27T00:14:01+00:00
Satellite Environment Center,CN,1,not_found,2026-03-12T02:58:47+00:00,1,"source_ror,source_openalex,source_wikipedia,source_osm_overpass,source_nominatim",40.077983,116.239846,ok,Satellite Environment Center,wikidata_search,2026-03-27T02:50:06+00:00
Second Affiliated Hospital of Dalian Medical University,CN,1,not_found,2026-03-12T07:46:29+00:00,1,"source_ror,source_openalex,source_wikipedia,source_osm_overpass,source_nominatim",38.88212203979492,121.57097625732422,ok,Second Affiliated Hospital of Dalian Medical University,openalex,2026-03-27T00:14:27+00:00
Second Affiliated Hospital of Harbin Medical University,CN,3,not_found,2026-03-12T06:41:49+00:00,1,"source_ror,source_openalex,source_wikipedia,source_osm_overpass,source_nominatim",45.70039749145508,126.62056732177734,ok,Second Affiliated Hospital of Harbin Medical University,openalex,2026-03-27T00:14:29+00:00
Second Affiliated Hospital of Jilin University,CN,2,not_found,2026-03-12T05:38:25+00:00,1,"source_ror,source_openalex,source_wikipedia,source_osm_overpass,source_nominatim",43.880001068115234,125.3227767944336,ok,Second Affiliated Hospital of Jilin University,openalex,2026-03-27T00:14:30+00:00
Second Affiliated Hospital of Nanchang University,CN,1,not_found,2026-03-11T23:23:05+00:00,1,"source_ror,source_openalex,source_wikipedia,source_osm_overpass,source_nominatim",28.62301254272461,115.90357208251953,ok,Second Affiliated Hospital of Nanchang University,openalex,2026-03-27T00:14:31+00:00
Second Affiliated Hospital of Nanjing Medical University,CN,2,not_found,2026-03-12T10:32:11+00:00,1,"source_ror,source_openalex,source_wikipedia,source_osm_overpass,source_nominatim",32.08003616333008,118.74436950683594,ok,Second Affiliated Hospital of Nanjing Medical University,openalex,2026-03-27T00:14:32+00:00
Seiko Holdings (Japan),JP,2,not_found,2026-03-11T21:11:03+00:00,1,"source_ror,source_openalex,source_wikipedia,source_osm_overpass,source_nominatim",35.6895,139.69171,ok,Seiko Holdings (Japan),openalex,2026-03-27T00:14:32+00:00
Sensor Electronics (United States),DE,3,not_found,2026-03-12T03:35:39+00:00,1,"source_ror,source_openalex,source_wikipedia,source_osm_overpass,source_nominatim",44.77345275878906,-93.38372802734375,ok,Sensor Electronics (United States),openalex,2026-03-27T00:14:33+00:00
Shaanxi Provincial Meteorological Bureau,CN,2,not_found,2026-03-12T02:51:18+00:00,1,"source_ror,source_openalex,source_wikipedia,source_osm_overpass,source_nominatim",34.28363800048828,108.94673156738281,ok,Shaanxi Provincial Meteorological Bureau,openalex,2026-03-27T00:14:34+00:00
Shaanxi Provincial People's Hospital,CN,1,not_found,2026-03-11T23:24:40+00:00,1,"source_ror,source_openalex,source_wikipedia,source_osm_overpass,source_nominatim",37.847225189208984,112.57738494873047,ok,Shaanxi Provincial People's Hospital,openalex,2026-03-27T00:14:35+00:00
ShangHai JiAi Genetics & IVF Institute,CN,4,not_found,2026-03-12T09:33:09+00:00,1,"source_ror,source_openalex,source_wikipedia,source_osm_overpass,source_nominatim",31.211912155151367,121.48272705078125,ok,ShangHai JiAi Genetics & IVF Institute,openalex,2026-03-27T00:14:36+00:00
Shanghai Artificial Intelligence Laboratory,/,8,not_found,2026-03-12T04:37:44+00:00,1,"source_ror,source_openalex,source_wikipedia,source_osm_overpass,source_nominatim",31.222219467163086,121.45806121826172,ok,Shanghai Artificial Intelligence Laboratory,openalex,2026-03-27T00:14:37+00:00
Shanghai Innovative Research Center of Traditional Chinese Medicine,CN,1,not_found,2026-03-12T09:05:21+00:00,1,"source_ror,source_openalex,source_wikipedia,source_osm_overpass,source_nominatim",31.20625877380371,121.58675384521484,ok,Shanghai Innovative Research Center of Traditional Chinese Medicine,openalex,2026-03-27T00:14:37+00:00
Shanghai Institute of Hematology,CN,3,not_found,2026-03-11T22:14:51+00:00,1,"source_ror,source_openalex,source_wikipedia,source_osm_overpass,source_nominatim",31.21175193786621,121.46725463867188,ok,Shanghai Institute of Hematology,openalex,2026-03-27T00:14:38+00:00
Shanghai Jinyuan Senior High School,CN,1,not_found,2026-03-12T02:39:06+00:00,1,"source_ror,source_openalex,source_wikipedia,source_osm_overpass,source_nominatim",31.222219467163086,121.45806121826172,ok,Shanghai Jinyuan Senior High School,openalex,2026-03-27T00:14:39+00:00
Shanghai Micro Satellite Engineering Center,CN,1,not_found,2026-03-12T01:48:20+00:00,1,"source_ror,source_openalex,source_wikipedia,source_osm_overpass,source_nominatim",31.194944381713867,121.2815933227539,ok,Shanghai Micro Satellite Engineering Center,openalex,2026-03-27T00:14:40+00:00
Shanghai Sunshine Rehabilitation Center,CN,16,not_found,2026-03-11T23:40:56+00:00,1,"source_ror,source_openalex,source_wikipedia,source_osm_overpass,source_nominatim",31.06578826904297,121.24311065673828,ok,Shanghai Sunshine Rehabilitation Center,openalex,2026-03-27T00:14:41+00:00
Shanghai Textile Holdings (China),CN,10,not_found,2026-03-12T07:53:32+00:00,1,"source_ror,source_openalex,source_wikipedia,source_osm_overpass,source_nominatim",31.199905395507812,121.3990707397461,ok,Shanghai Textile Holdings (China),openalex,2026-03-27T00:14:42+00:00
Shenzhen Academy of Aerospace Technology,CN,1,not_found,2026-03-12T08:31:52+00:00,1,"source_ror,source_openalex,source_wikipedia,source_osm_overpass,source_nominatim",22.537763595581055,113.95414733886719,ok,Shenzhen Academy of Aerospace Technology,openalex,2026-03-27T00:14:43+00:00
Shikoku Cancer Center,JP,5,not_found,2026-03-12T11:48:49+00:00,1,"source_ror,source_openalex,source_wikipedia,source_osm_overpass,source_nominatim",33.83916091918945,132.7657470703125,ok,Shikoku Cancer Center,openalex,2026-03-27T00:14:44+00:00
Sichuan Academy of Medical Sciences & Sichuan Provincial People's Hospital,CN,1,not_found,2026-03-12T09:48:29+00:00,1,"source_ror,source_openalex,source_wikipedia,source_osm_overpass,source_nominatim",30.663644790649414,104.04094696044922,ok,Sichuan Academy of Medical Sciences & Sichuan Provincial People's Hospital,openalex,2026-03-27T00:14:45+00:00
Simons Foundation,US,1,not_found,2026-03-12T02:30:19+00:00,1,"source_ror,source_openalex,source_wikipedia,source_osm_overpass,source_nominatim",40.714271545410156,-74.00596618652344,ok,Simons Foundation,openalex,2026-03-27T00:14:46+00:00
Singapore Centre for Environmental Life Sciences Engineering,SG,1,not_found,2026-03-12T11:03:33+00:00,1,"source_ror,source_openalex,source_wikipedia,source_osm_overpass,source_nominatim",1.3451199531555176,103.67977905273438,ok,Singapore Centre for Environmental Life Sciences Engineering,openalex,2026-03-27T00:14:47+00:00
Sirius University of Science and Technology,FR,7,not_found,2026-03-11T19:45:58+00:00,1,"source_ror,source_openalex,source_wikipedia,source_osm_overpass,source_nominatim",43.5854823,39.723109,ok,"Sochi, town district of Sochi, Krasnodar Krai, Southern Federal District, Russia","manual_geocode:Sochi, Russia",2026-03-27T10:33:54+00:00
Sony Corporation (United States),TW,4,not_found,2026-03-12T07:16:20+00:00,1,"source_ror,source_openalex,source_wikipedia,source_osm_overpass,source_nominatim",40.717281341552734,-74.00550079345703,ok,Sony Corporation (United States),openalex,2026-03-27T00:15:03+00:00
Southern California Clinical and Translational Science Institute,US,1,not_found,2026-03-12T04:50:53+00:00,1,"source_ror,source_openalex,source_wikipedia,source_osm_overpass,source_nominatim",34.06245040893555,-118.20014953613281,ok,Southern California Clinical and Translational Science Institute,openalex,2026-03-27T00:15:04+00:00
Southern California University for Professional Studies,US,1,not_found,2026-03-12T03:46:59+00:00,1,"source_ror,source_openalex,source_wikipedia,source_osm_overpass,source_nominatim",33.3062031,-111.841185,ok,"Chandler, Maricopa County, Arizona, United States","manual_geocode:Chandler, Arizona, United States",2026-03-27T10:33:55+00:00
Southern Marine Science and Engineering Guangdong Laboratory (Guangzhou),CN,2,not_found,2026-03-12T01:16:03+00:00,1,"source_ror,source_openalex,source_wikipedia,source_osm_overpass,source_nominatim",23.11667,113.25,ok,Southern Marine Science and Engineering Guangdong Laboratory (Guangzhou),openalex,2026-03-27T00:15:30+00:00
Southern Marine Science and Engineering Guangdong Laboratory (Zhuhai),CN,1,not_found,2026-03-12T07:27:55+00:00,1,"source_ror,source_openalex,source_wikipedia,source_osm_overpass,source_nominatim",22.27694,113.56778,ok,Southern Marine Science and Engineering Guangdong Laboratory (Zhuhai),openalex,2026-03-27T00:15:32+00:00
State Forestry and Grassland Administration,CN,1,not_found,2026-03-12T07:20:09+00:00,1,"source_ror,source_openalex,source_wikipedia,source_osm_overpass,source_nominatim",39.9075,116.39723,ok,State Forestry and Grassland Administration,openalex,2026-03-27T00:15:32+00:00
State Key Laboratory of ASIC and System,CN,15,not_found,2026-03-12T05:44:08+00:00,1,"source_ror,source_openalex,source_wikipedia,source_osm_overpass,source_nominatim",31.2312707,121.4700152,ok,"Shanghai, China",wikidata_search_description_place,2026-03-27T04:20:16+00:00
State Key Laboratory of Advanced Electromagnetic Engineering and Technology,CN,1,not_found,2026-03-11T20:47:57+00:00,1,"source_ror,source_openalex,source_wikipedia,source_osm_overpass,source_nominatim",30.578891,114.2921197,ok,"Wuhan, Hubei, China",wikidata_search_description_place,2026-03-27T04:20:22+00:00
State Key Laboratory of Advanced Materials for Smart Sensing,CN,1,not_found,2026-03-12T04:16:05+00:00,1,"source_ror,source_openalex,source_wikipedia,source_osm_overpass,source_nominatim",39.9057136,116.3912972,ok,"Beijing, China",wikidata_search_description_place,2026-03-27T04:20:28+00:00
State Key Laboratory of Automotive Simulation and Control,CN,1,not_found,2026-03-12T04:34:40+00:00,1,"source_ror,source_openalex,source_wikipedia,source_osm_overpass,source_nominatim",43.8844201,125.3180998,ok,"Changchun City, Jilin, 130000, China",wikidata_search_description_place,2026-03-27T04:20:33+00:00
State Key Laboratory of Biotherapy,CN,1,not_found,2026-03-12T00:45:11+00:00,1,"source_ror,source_openalex,source_wikipedia,source_osm_overpass,source_nominatim",30.659867,104.063315,ok,"Chengdu, Sichuan, China",wikidata_search_description_place,2026-03-27T04:20:39+00:00
State Key Laboratory of Chemobiosensing and Chemometrics,CN,5,not_found,2026-03-11T22:10:40+00:00,1,"source_ror,source_openalex,source_wikipedia,source_osm_overpass,source_nominatim",28.1987538,112.9708685,ok,"Changsha, Furong District, Changsha, Hunan, 410005, China",wikidata_search_description_place,2026-03-27T04:20:42+00:00
State Key Laboratory of Crystal Materials,CN,2,not_found,2026-03-12T04:16:58+00:00,1,"source_ror,source_openalex,source_wikipedia,source_osm_overpass,source_nominatim",36.6519754,117.1138479,ok,"Jinan, Shandong, China",wikidata_search_description_place,2026-03-27T04:20:48+00:00
State Key Laboratory of Digital Manufacturing Equipment and Technology,CN,2,not_found,2026-03-12T04:25:36+00:00,1,"source_ror,source_openalex,source_wikipedia,source_osm_overpass,source_nominatim",30.578891,114.2921197,ok,"Wuhan, Hubei, China",wikidata_search_description_place,2026-03-27T04:20:53+00:00
State Key Laboratory of Digital Medical Engineering,CN,62,not_found,2026-03-11T19:45:05+00:00,1,"source_ror,source_openalex,source_wikipedia,source_osm_overpass,source_nominatim",32.0438284,118.7788631,ok,"Nanjing City, Jiangsu, China",wikidata_search_description_place,2026-03-27T04:21:00+00:00
State Key Laboratory of Electrical Insulation and Power Equipment,CN,3,not_found,2026-03-12T06:37:46+00:00,1,"source_ror,source_openalex,source_wikipedia,source_osm_overpass,source_nominatim",34.261004,108.9423363,ok,"Xi'an, Shaanxi, China",wikidata_search_description_place,2026-03-27T04:21:05+00:00
State Key Laboratory of High Performance Complex Manufacturing,CN,2,not_found,2026-03-12T00:43:20+00:00,1,"source_ror,source_openalex,source_wikipedia,source_osm_overpass,source_nominatim",28.1987538,112.9708685,ok,"Changsha, Furong District, Changsha, Hunan, 410005, China",wikidata_search_description_place,2026-03-27T04:21:11+00:00
State Key Laboratory of Industrial Control Technology,CN,36,not_found,2026-03-12T03:34:41+00:00,1,"source_ror,source_openalex,source_wikipedia,source_osm_overpass,source_nominatim",30.2489634,120.2052342,ok,"Hangzhou City, Zhejiang, China",wikidata_search_description_place,2026-03-27T04:21:17+00:00
State Key Laboratory of Mechanical System and Vibration,CN,5,not_found,2026-03-12T00:28:27+00:00,1,"source_ror,source_openalex,source_wikipedia,source_osm_overpass,source_nominatim",31.222219467163086,121.45806121826172,ok,Shanghai Jiao Tong University,manual_copy:Shanghai Jiao Tong University,2026-03-27T10:30:48+00:00
State Key Laboratory of Medicinal Chemical Biology,CN,4,not_found,2026-03-12T04:20:32+00:00,1,"source_ror,source_openalex,source_wikipedia,source_osm_overpass,source_nominatim",39.101111111111,117.16472222222,ok,Nankai University,manual_copy:Nankai University,2026-03-27T10:30:48+00:00
State Key Laboratory of Modern Optical Instruments,CN,2,not_found,2026-03-12T01:07:13+00:00,1,"source_ror,source_openalex,source_wikipedia,source_osm_overpass,source_nominatim",30.2489634,120.2052342,ok,"Hangzhou City, Zhejiang, China",wikidata_search_description_place,2026-03-27T04:22:07+00:00
State Key Laboratory of New Ceramics and Fine Processing,CN,3,not_found,2026-03-12T01:06:31+00:00,1,"source_ror,source_openalex,source_wikipedia,source_osm_overpass,source_nominatim",39.9075,116.39723,ok,Beijing Institute of Technology,manual_copy:Beijing Institute of Technology,2026-03-27T10:30:48+00:00
State Key Laboratory of Nonlinear Mechanics,CN,2,not_found,2026-03-12T04:03:23+00:00,1,"source_ror,source_openalex,source_wikipedia,source_osm_overpass,source_nominatim",39.9093367,116.3297146,ok,Chinese Academy of Sciences,manual_copy:Chinese Academy of Sciences,2026-03-27T10:30:48+00:00
State Key Laboratory of Oncology in South China,CN,1,not_found,2026-03-12T08:53:06+00:00,1,"source_ror,source_openalex,source_wikipedia,source_osm_overpass,source_nominatim",23.116670608520508,113.25,ok,Sun Yat-sen University Cancer Center,manual_copy:Sun Yat-sen University Cancer Center,2026-03-27T10:30:48+00:00
State Key Laboratory of Robotics,CN,3,not_found,2026-03-12T02:02:46+00:00,1,"source_ror,source_openalex,source_wikipedia,source_osm_overpass,source_nominatim",41.8026095,123.4279105,ok,"Shenyang City, Liaoning, China","manual_geocode:Shenyang, Liaoning, China",2026-03-27T10:30:49+00:00
State Key Laboratory of Robotics and Systems,CN,46,not_found,2026-03-11T23:11:45+00:00,1,"source_ror,source_openalex,source_wikipedia,source_osm_overpass,source_nominatim",45.75,126.6500015258789,ok,Harbin Institute of Technology,manual_copy:Harbin Institute of Technology,2026-03-27T10:30:49+00:00
State Key Laboratory of Supramolecular Structure and Materials,CN,4,not_found,2026-03-12T05:37:44+00:00,1,"source_ror,source_openalex,source_wikipedia,source_osm_overpass,source_nominatim",43.88,125.30111111111111,ok,Jilin University,manual_copy:Jilin University,2026-03-27T10:30:49+00:00
State Key Laboratory of Synthetical Automation for Process Industries,CN,6,not_found,2026-03-12T03:49:56+00:00,1,"source_ror,source_openalex,source_wikipedia,source_osm_overpass,source_nominatim",41.79222106933594,123.43277740478516,ok,Northeastern University,manual_copy:Northeastern University,2026-03-27T10:30:49+00:00
State Key Laboratory of Tribology,CN,24,not_found,2026-03-12T00:40:05+00:00,1,"source_ror,source_openalex,source_wikipedia,source_osm_overpass,source_nominatim",39.9075,116.39723,ok,Tsinghua University,manual_copy:Tsinghua University,2026-03-27T10:30:49+00:00
State Key Laboratory of Turbulence and Complex Systems,CN,26,not_found,2026-03-11T19:51:44+00:00,1,"source_ror,source_openalex,source_wikipedia,source_osm_overpass,source_nominatim",39.9075,116.39723,ok,Peking University,manual_copy:Peking University,2026-03-27T10:30:49+00:00
State Key Laboratory of Vehicle NVH and Safety Technology,CN,3,not_found,2026-03-11T23:47:23+00:00,1,"source_ror,source_openalex,source_wikipedia,source_osm_overpass,source_nominatim",29.560260772705078,106.55770874023438,ok,State Key Laboratory of Vehicle NVH and Safety Technology,openalex,2026-03-27T00:25:19+00:00
State Key Laboratory of Virtual Reality Technology and Systems,CN,2,not_found,2026-03-12T02:57:38+00:00,1,"source_ror,source_openalex,source_wikipedia,source_osm_overpass,source_nominatim",39.907501220703125,116.39723205566406,ok,Beihang University,manual_copy:Beihang University,2026-03-27T10:30:50+00:00
State Key Laboratory on Integrated Optoelectronics,CN,6,not_found,2026-03-12T02:05:51+00:00,1,"source_ror,source_openalex,source_wikipedia,source_osm_overpass,source_nominatim",39.907501220703125,116.39723205566406,ok,State Key Laboratory on Integrated Optoelectronics,openalex,2026-03-27T00:25:41+00:00
State Scientific Center of the Russian Federation - Federal Medical Biophysical Center named after A.I. Burnazyan,RU,1,not_found,2026-03-12T06:30:30+00:00,1,"source_ror,source_openalex,source_wikipedia,source_osm_overpass,source_nominatim",55.752220153808594,37.61555862426758,ok,State Scientific Center of the Russian Federation - Federal Medical Biophysical Center named after A.I. Burnazyan,openalex,2026-03-27T00:25:42+00:00
SupraPolix (Netherlands),NL,1,not_found,2026-03-12T07:49:16+00:00,1,"source_ror,source_openalex,source_wikipedia,source_osm_overpass,source_nominatim",51.4497184753418,5.494624137878418,ok,SupraPolix (Netherlands),openalex,2026-03-27T00:25:43+00:00
Suzhou Institute of Biomedical Engineering and Technology,CN,5,not_found,2026-03-11T23:05:28+00:00,1,"source_ror,source_openalex,source_wikipedia,source_osm_overpass,source_nominatim",31.32624626159668,120.41361999511719,ok,Suzhou Institute of Biomedical Engineering and Technology,openalex,2026-03-27T00:25:44+00:00
Swedish National Road and Transport Research Institute,SE,1,not_found,2026-03-12T06:53:33+00:00,1,"source_ror,source_openalex,source_wikipedia,source_osm_overpass,source_nominatim",58.410858154296875,15.621569633483887,ok,Swedish National Road and Transport Research Institute,openalex,2026-03-27T00:25:45+00:00
Swedish e-Science Research Centre,CH,2,not_found,2026-03-12T08:55:47+00:00,1,"source_ror,source_openalex,source_wikipedia,source_osm_overpass,source_nominatim",59.3251172,18.0710935,ok,"Stockholm, Stockholm Municipality, Stockholm County, 111 29, Sweden","manual_geocode:Stockholm, Sweden",2026-03-27T10:30:50+00:00
Swiss Center for Electronics and Microtechnology (Switzerland),CH,5,not_found,2026-03-11T23:43:39+00:00,1,"source_ror,source_openalex,source_wikipedia,source_osm_overpass,source_nominatim",46.991790771484375,6.931000232696533,ok,Swiss Center for Electronics and Microtechnology (Switzerland),openalex,2026-03-27T00:26:34+00:00
Swiss Distance University Institute,CH,1,not_found,2026-03-12T04:06:24+00:00,1,"source_ror,source_openalex,source_wikipedia,source_osm_overpass,source_nominatim",46.3178907,7.992246,ok,"Schinerstrasse, Brig, Brig-Glis, Brig, Wallis, 3900, Switzerland","manual_geocode:Schinerstrasse 18, 3900 Brig, Switzerland",2026-03-27T10:30:50+00:00
Swiss Epilepsy Center,CH,1,not_found,2026-03-12T07:42:22+00:00,1,"source_ror,source_openalex,source_wikipedia,source_osm_overpass,source_nominatim",47.36667,8.55,ok,Swiss Epilepsy Center,openalex,2026-03-27T00:27:05+00:00
Synthace (United Kingdom),GB,1,not_found,2026-03-12T01:13:47+00:00,1,"source_ror,source_openalex,source_wikipedia,source_osm_overpass,source_nominatim",51.51435852050781,-0.22744859755039215,ok,Synthace (United Kingdom),openalex,2026-03-27T00:27:06+00:00
Systems Engineering Society of China,CN,2,not_found,2026-03-12T09:17:46+00:00,1,"source_ror,source_openalex,source_wikipedia,source_osm_overpass,source_nominatim",39.98457336425781,116.34440612792969,ok,Systems Engineering Society of China,openalex,2026-03-27T00:27:07+00:00
TH Bingen University of Applied Sciences,DE,3,not_found,2026-03-11T21:03:30+00:00,1,"source_ror,source_openalex,source_wikipedia,source_osm_overpass,source_nominatim",49.96675109863281,7.899199962615967,ok,TH Bingen University of Applied Sciences,openalex,2026-03-27T00:27:08+00:00
Taylor Geospatial Institute,US,2,not_found,2026-03-12T03:14:40+00:00,1,"source_ror,source_openalex,source_wikipedia,source_osm_overpass,source_nominatim",38.63638888888889,-90.23416666666667,ok,Saint Louis University,manual_copy:Saint Louis University,2026-03-27T10:30:50+00:00
Techniques of Informatics and Microelectronics for Integrated Systems Architecture,FR,3,not_found,2026-03-11T22:55:34+00:00,1,"source_ror,source_openalex,source_wikipedia,source_osm_overpass,source_nominatim",45.17869,5.71479,ok,Techniques of Informatics and Microelectronics for Integrated Systems Architecture,openalex,2026-03-27T00:27:39+00:00
Technology Transfer and Innovation (Italy),IT,1,not_found,2026-03-11T23:10:24+00:00,1,"source_ror,source_openalex,source_wikipedia,source_osm_overpass,source_nominatim",45.08550262451172,11.78368854522705,ok,Technology Transfer and Innovation (Italy),openalex,2026-03-27T00:27:42+00:00
Tecnologia Energia Ambiente Materiali (Italy),CH,2,not_found,2026-03-12T03:29:32+00:00,1,"source_ror,source_openalex,source_wikipedia,source_osm_overpass,source_nominatim",42.902931213378906,12.498690605163574,ok,Tecnologia Energia Ambiente Materiali (Italy),openalex,2026-03-27T00:27:43+00:00
The Queen's Medical Research Institute,GB,1,not_found,2026-03-12T10:43:57+00:00,1,"source_ror,source_openalex,source_wikipedia,source_osm_overpass,source_nominatim",55.90925598144531,-3.3197829723358154,ok,The Queen's Medical Research Institute,openalex,2026-03-27T00:27:44+00:00
The University of Texas MD Anderson Cancer Center,US,106,not_found,2026-03-11T19:33:55+00:00,2,"source_openalex,source_nominatim",29.76328,-95.36327,ok,The University of Texas MD Anderson Cancer Center,openalex,2026-03-27T00:27:45+00:00
The Velux Foundations,DK,3,not_found,2026-03-12T09:29:31+00:00,1,"source_ror,source_openalex,source_wikipedia,source_osm_overpass,source_nominatim",56.084808349609375,12.31803035736084,ok,The Velux Foundations,openalex,2026-03-27T00:27:46+00:00
Think A Move (United States),US,1,not_found,2026-03-12T10:59:47+00:00,1,"source_ror,source_openalex,source_wikipedia,source_osm_overpass,source_nominatim",41.46147155761719,-81.51494598388672,ok,Think A Move (United States),openalex,2026-03-27T00:27:47+00:00
Tianjin Huanhu Hospital,CN,2,not_found,2026-03-12T06:51:58+00:00,1,"source_ror,source_openalex,source_wikipedia,source_osm_overpass,source_nominatim",39.090091705322266,117.18238830566406,ok,Tianjin Huanhu Hospital,openalex,2026-03-27T00:27:48+00:00
Tianjin International Joint Academy of Biomedicine,CN,2,not_found,2026-03-11T23:32:13+00:00,1,"source_ror,source_openalex,source_wikipedia,source_osm_overpass,source_nominatim",39.08281326293945,117.70243835449219,ok,Tianjin International Joint Academy of Biomedicine,openalex,2026-03-27T00:27:48+00:00
Tianjin Polytechnic University,CN,11,not_found,2026-03-12T00:46:09+00:00,1,"source_ror,source_openalex,source_wikipedia,source_osm_overpass,source_nominatim",22.3960758,114.0910186,ok,"No. 6, Tai Lam Town Gas Pipeline, Tai Kiu Tsuen, Tsuen Wan District, New Territories, Hong Kong, China",wikidata_search_description_place,2026-03-27T10:30:58+00:00
Toshiba (South Korea),KR,1,not_found,2026-03-12T09:24:00+00:00,1,"source_ror,source_openalex,source_wikipedia,source_osm_overpass,source_nominatim",37.50001907348633,127.06148529052734,ok,Toshiba (South Korea),openalex,2026-03-27T00:28:19+00:00
Toyota Industries (United States),US,1,not_found,2026-03-12T05:56:37+00:00,1,"source_ror,source_openalex,source_wikipedia,source_osm_overpass,source_nominatim",32.92896270751953,-96.9897689819336,ok,Toyota Industries (United States),openalex,2026-03-27T00:28:20+00:00
Translational Innovation in Medicine and Complexity,FR,28,not_found,2026-03-11T22:47:30+00:00,1,"source_ror,source_openalex,source_wikipedia,source_osm_overpass,source_nominatim",45.17869,5.71479,ok,Translational Innovation in Medicine and Complexity,openalex,2026-03-27T00:28:21+00:00
Triple Ring Technologies (United States),US,1,not_found,2026-03-12T10:36:18+00:00,1,"source_ror,source_openalex,source_wikipedia,source_osm_overpass,source_nominatim",37.50922393798828,-121.99813079833984,ok,Triple Ring Technologies (United States),openalex,2026-03-27T00:28:22+00:00
U.S. Air Force Research Laboratory Aerospace Systems Directorate,US,2,not_found,2026-03-12T04:29:05+00:00,1,"source_ror,source_openalex,source_wikipedia,source_osm_overpass,source_nominatim",39.8219053,-84.0495886,ok,"Wright-Patterson Air Force Base, Bath Township, Greene County, Ohio, 45433, United States","manual_geocode:Wright-Patterson Air Force Base, Ohio, United States",2026-03-27T10:30:58+00:00
UCLA Jonsson Comprehensive Cancer Center,US,1,not_found,2026-03-12T00:29:46+00:00,1,"source_ror,source_openalex,source_wikipedia,source_osm_overpass,source_nominatim",34.0664088,-118.4420276,ok,"UCLA School of Dentistry, 10833, Le Conte Avenue, Westwood, Los Angeles, Los Angeles County, California, 90095, United States","manual_geocode:10833 Le Conte Ave, Los Angeles, CA 90024, United States",2026-03-27T10:30:59+00:00
UNC/NCSU Joint Department of Biomedical Engineering,US,3,not_found,2026-03-12T02:41:20+00:00,1,"source_ror,source_openalex,source_wikipedia,source_osm_overpass,source_nominatim",35.77079772949219,-78.67607116699219,ok,UNC/NCSU Joint Department of Biomedical Engineering,openalex,2026-03-27T00:29:49+00:00
Unchained Labs (United States),US,1,not_found,2026-03-12T06:12:13+00:00,1,"source_ror,source_openalex,source_wikipedia,source_osm_overpass,source_nominatim",37.660057067871094,-121.90296936035156,ok,Unchained Labs (United States),openalex,2026-03-27T00:29:50+00:00
Union Bank of Switzerland,CH,1,not_found,2026-03-12T07:29:14+00:00,1,"source_ror,source_openalex,source_wikipedia,source_osm_overpass,source_nominatim",47.366668701171875,8.550000190734863,ok,Union Bank of Switzerland,openalex,2026-03-27T00:29:51+00:00
Unitelma Sapienza University,IT,1,not_found,2026-03-12T09:19:40+00:00,1,"source_ror,source_openalex,source_wikipedia,source_osm_overpass,source_nominatim",41.89193,12.51133,ok,Unitelma Sapienza University,openalex,2026-03-27T00:29:52+00:00
Universal Scientific Education and Research Network,IR,4,not_found,2026-03-12T03:22:14+00:00,1,"source_ror,source_openalex,source_wikipedia,source_osm_overpass,source_nominatim",35.705841064453125,51.382965087890625,ok,Universal Scientific Education and Research Network,openalex,2026-03-27T00:29:52+00:00
Universidad Emilio Cárdenas,MX,1,not_found,2026-03-12T09:46:50+00:00,1,"source_ror,source_openalex,source_wikipedia,source_osm_overpass,source_nominatim",19.5303955078125,-99.2022476196289,ok,Universidad Emilio Cárdenas,openalex,2026-03-27T00:29:53+00:00
Universidade Estadual do Piau,BR,1,not_found,2026-03-12T00:35:47+00:00,1,"source_ror,source_openalex,source_wikipedia,source_osm_overpass,source_nominatim",-5.0773073,-42.8268935,ok,"Universidade Estadual do Piauí, 2231, Rua João Cabral, Pirajá, Teresina, Região Geográfica Imediata de Teresina, Região Integrada de Desenvolvimento da Grande Teresina, Região Geográfica Intermediária de Teresina, Piauí, 64002-150, Brazil","manual_geocode:Universidade Estadual do Piaui, Teresina, Brazil",2026-03-27T10:30:59+00:00
Universitatea Națională de Știință și Tehnologie Politehnica București,RO,2,not_found,2026-03-12T09:02:46+00:00,1,"source_ror,source_openalex,source_wikipedia,source_osm_overpass,source_nominatim",44.4322509765625,26.106260299682617,ok,Universitatea Națională de Știință și Tehnologie Politehnica București,openalex,2026-03-27T00:30:24+00:00
University College of Arts Crafts and Design,SE,1,not_found,2026-03-12T12:14:09+00:00,1,"source_ror,source_openalex,source_wikipedia,source_osm_overpass,source_nominatim",59.32938003540039,18.068710327148438,ok,University College of Arts Crafts and Design,openalex,2026-03-27T00:30:25+00:00
University Hospitals Bristol and Weston NHS Foundation Trust,GB,1,not_found,2026-03-11T19:43:41+00:00,1,"source_ror,source_openalex,source_wikipedia,source_osm_overpass,source_nominatim",51.4597776,-2.5939329,ok,"Marlborough Street, Stokes Croft, Kingsdown, Bristol, City of Bristol, West of England, England, BS1 3NY, United Kingdom","manual_geocode:Marlborough Street, Bristol BS1 3NU, United Kingdom",2026-03-27T10:30:59+00:00
University of Applied Sciences and Arts of Southern Switzerland,CH,4,not_found,2026-03-12T01:33:03+00:00,1,"source_ror,source_openalex,source_wikipedia,source_osm_overpass,source_nominatim",46.02885,8.91824,ok,University of Applied Sciences and Arts of Southern Switzerland,openalex,2026-03-27T00:31:09+00:00
University of Applied Sciences for Public Administration and Management,DE,3,not_found,2026-03-11T21:48:31+00:00,1,"source_ror,source_openalex,source_wikipedia,source_osm_overpass,source_nominatim",51.50110626220703,7.13507604598999,ok,University of Applied Sciences for Public Administration and Management,openalex,2026-03-27T00:31:10+00:00
University of Brescia,IT,16,not_found,2026-03-11T22:37:54+00:00,1,"source_ror,source_openalex,source_wikipedia,source_osm_overpass,source_nominatim",45.535579681396484,10.214719772338867,ok,University of Brescia,openalex,2026-03-27T00:31:10+00:00
University of Hassan II Casablanca,MA,1,not_found,2026-03-12T05:11:04+00:00,1,"source_ror,source_openalex,source_wikipedia,source_osm_overpass,source_nominatim",33.58831024169922,-7.611380100250244,ok,University of Hassan II Casablanca,openalex,2026-03-27T00:31:11+00:00
University of Koblenz and Landau,DE,1,not_found,2026-03-12T11:39:21+00:00,1,"source_ror,source_openalex,source_wikipedia,source_osm_overpass,source_nominatim",49.98419,8.2791,ok,University of Koblenz and Landau,openalex,2026-03-27T00:31:12+00:00
University of Maryland Marlene and Stewart Greenebaum Comprehensive Cancer Center,US,2,not_found,2026-03-11T21:24:12+00:00,1,"source_ror,source_openalex,source_wikipedia,source_osm_overpass,source_nominatim",39.2882737,-76.6243944,ok,"University of Maryland Medical Center, 22, South Greene Street, Sowebo, Baltimore, Maryland, 21201, United States","manual_geocode:22 S Greene Street, Baltimore, MD 21201, United States",2026-03-27T10:31:00+00:00
University of Skikda,DZ,4,not_found,2026-03-12T06:55:47+00:00,1,"source_ror,source_openalex,source_wikipedia,source_osm_overpass,source_nominatim",36.84917449951172,6.890708923339844,ok,University of Skikda,openalex,2026-03-27T00:31:41+00:00
University of Udine,IT,13,not_found,2026-03-11T20:36:38+00:00,1,"source_ror,source_openalex,source_wikipedia,source_osm_overpass,source_nominatim",46.06930160522461,13.237150192260742,ok,University of Udine,openalex,2026-03-27T00:31:42+00:00
Università degli Studi del Piemonte Orientale “Amedeo Avogadro”,BE,2,not_found,2026-03-11T20:26:26+00:00,1,"source_ror,source_openalex,source_wikipedia,source_osm_overpass,source_nominatim",45.3276092,8.4244077,ok,"6, Via Duomo, Brut Fond, Centro, Vercelli, Piedmont, 13100, Italy","manual_geocode:Via Duomo 6, 13100 Vercelli, Italy",2026-03-27T10:31:01+00:00
Università degli studi di Cassino e del Lazio Meridionale,IT,40,not_found,2026-03-11T23:15:46+00:00,1,"source_ror,source_openalex,source_wikipedia,source_osm_overpass,source_nominatim",41.485809326171875,13.828350067138672,ok,Università degli studi di Cassino e del Lazio Meridionale,openalex,2026-03-27T00:32:17+00:00
Université Oran 1 Ahmed Ben Bella,DZ,2,not_found,2026-03-12T08:30:57+00:00,1,"source_ror,source_openalex,source_wikipedia,source_osm_overpass,source_nominatim",35.699058532714844,-0.6358799934387207,ok,Université Oran 1 Ahmed Ben Bella,openalex,2026-03-27T00:32:18+00:00
Université d'Avignon et des Pays de Vaucluse,FR,1,not_found,2026-03-12T10:24:35+00:00,1,"source_ror,source_openalex,source_wikipedia,source_osm_overpass,source_nominatim",43.94834,4.80892,ok,Université d'Avignon et des Pays de Vaucluse,openalex,2026-03-27T00:32:19+00:00
Vietnam Military Medical University,JP,2,not_found,2026-03-12T07:12:05+00:00,1,"source_ror,source_openalex,source_wikipedia,source_osm_overpass,source_nominatim",21.0283334,105.854041,ok,"Hà Nội, Vietnam","manual_geocode:Hanoi, Vietnam",2026-03-27T10:31:01+00:00
ViewRay (United States),US,1,not_found,2026-03-12T11:33:33+00:00,1,"source_ror,source_openalex,source_wikipedia,source_osm_overpass,source_nominatim",41.4995002746582,-81.6954116821289,ok,ViewRay (United States),openalex,2026-03-27T00:32:49+00:00
Weinberg Medical Physics (United States),US,9,not_found,2026-03-11T23:42:55+00:00,1,"source_ror,source_openalex,source_wikipedia,source_osm_overpass,source_nominatim",38.995513916015625,-77.11528015136719,ok,Weinberg Medical Physics (United States),openalex,2026-03-27T00:32:50+00:00
Wellcome/Cancer Research UK Gurdon Institute,GB,1,not_found,2026-03-12T00:12:27+00:00,1,"source_ror,source_openalex,source_wikipedia,source_osm_overpass,source_nominatim",52.2,0.11667,ok,The Gurdon Institute,alias->openalex,2026-03-27T02:59:06+00:00
Wesley Research Institute,AU,1,not_found,2026-03-12T12:05:03+00:00,1,"source_ror,source_openalex,source_wikipedia,source_osm_overpass,source_nominatim",-27.467939376831055,153.02809143066406,ok,Wesley Research Institute,openalex,2026-03-27T00:33:28+00:00
Wuhan Municipal Engineering Design & Research Institute,CN,1,not_found,2026-03-12T08:27:09+00:00,1,"source_ror,source_openalex,source_wikipedia,source_osm_overpass,source_nominatim",30.608535766601562,114.25331115722656,ok,Wuhan Municipal Engineering Design & Research Institute,openalex,2026-03-27T00:33:28+00:00
Wuhan National Laboratory for Optoelectronics,CN,28,not_found,2026-03-11T20:48:42+00:00,1,"source_ror,source_openalex,source_wikipedia,source_osm_overpass,source_nominatim",30.507970809936523,114.4132080078125,ok,Wuhan National Laboratory for Optoelectronics,openalex,2026-03-27T00:33:29+00:00
Wuhan Science and Technology Bureau,CN,1,not_found,2026-03-12T09:15:25+00:00,1,"source_ror,source_openalex,source_wikipedia,source_osm_overpass,source_nominatim",30.61564064025879,114.24815368652344,ok,Wuhan Science and Technology Bureau,openalex,2026-03-27T00:33:30+00:00
Wuhan Ship Development & Design Institute,CN,2,not_found,2026-03-12T08:17:58+00:00,1,"source_ror,source_openalex,source_wikipedia,source_osm_overpass,source_nominatim",30.532835006713867,114.30894470214844,ok,Wuhan Ship Development & Design Institute,openalex,2026-03-27T00:33:31+00:00
Wuhu Hit Robot Technology Research Institute,CN,16,not_found,2026-03-11T21:34:49+00:00,1,"source_ror,source_openalex,source_wikipedia,source_osm_overpass,source_nominatim",31.374897003173828,118.47393035888672,ok,Wuhu Hit Robot Technology Research Institute,openalex,2026-03-27T00:33:32+00:00
Xsens (Netherlands),NL,1,not_found,2026-03-12T11:02:52+00:00,1,"source_ror,source_openalex,source_wikipedia,source_osm_overpass,source_nominatim",52.240516662597656,6.8382768630981445,ok,Xsens (Netherlands),openalex,2026-03-27T00:33:33+00:00
Xuzhou Central Hospital,CN,3,not_found,2026-03-12T10:32:45+00:00,1,"source_ror,source_openalex,source_wikipedia,source_osm_overpass,source_nominatim",34.21920394897461,117.26050567626953,ok,Xuzhou Central Hospital,openalex,2026-03-27T00:33:34+00:00
Yancheng Institute of Technology,CN,1,not_found,2026-03-12T04:43:33+00:00,1,"source_ror,source_openalex,source_wikipedia,source_osm_overpass,source_nominatim",33.35749816894531,120.15730285644531,ok,Yancheng Institute of Technology,openalex,2026-03-27T00:33:35+00:00
YangPu Geriatric Hospital,CN,1,not_found,2026-03-12T07:00:36+00:00,1,"source_ror,source_openalex,source_wikipedia,source_osm_overpass,source_nominatim",31.261341094970703,121.53831481933594,ok,YangPu Geriatric Hospital,openalex,2026-03-27T00:33:36+00:00
Yangtze Optical Electronic (China),CN,1,not_found,2026-03-12T11:32:57+00:00,1,"source_ror,source_openalex,source_wikipedia,source_osm_overpass,source_nominatim",30.58333,114.26667,ok,Yangtze Optical Electronic (China),openalex,2026-03-27T00:33:39+00:00
Yiwu Science and Technology Research Institute,CN,4,not_found,2026-03-12T11:23:26+00:00,1,"source_ror,source_openalex,source_wikipedia,source_osm_overpass,source_nominatim",29.309083938598633,120.01882934570312,ok,Yiwu Science and Technology Research Institute,openalex,2026-03-27T00:33:40+00:00
Zealand University Hospital,DK,4,not_found,2026-03-11T23:09:04+00:00,1,"source_ror,source_openalex,source_wikipedia,source_osm_overpass,source_nominatim",55.64152145385742,12.080349922180176,ok,Zealand University Hospital,openalex,2026-03-27T00:33:41+00:00
Zero to Three,CN,3,not_found,2026-03-11T20:35:24+00:00,1,"source_ror,source_openalex,source_wikipedia,source_osm_overpass,source_nominatim",38.89511,-77.03637,ok,Zero to Three,alias->openalex,2026-03-27T02:59:07+00:00
Zhejiang Business Technology Institute,CN,3,not_found,2026-03-11T23:51:26+00:00,1,"source_ror,source_openalex,source_wikipedia,source_osm_overpass,source_nominatim",29.86530113220215,121.50868225097656,ok,Zhejiang Business Technology Institute,openalex,2026-03-27T00:34:25+00:00
Zhejiang Institute of Special Equipment Inspection,CN,2,not_found,2026-03-11T23:25:19+00:00,1,"source_ror,source_openalex,source_wikipedia,source_osm_overpass,source_nominatim",30.2614803314209,120.1904525756836,ok,Zhejiang Institute of Special Equipment Inspection,openalex,2026-03-27T00:34:26+00:00
Zhejiang Modern Architectural Design & Research Institute,CN,1,not_found,2026-03-12T08:44:43+00:00,1,"source_ror,source_openalex,source_wikipedia,source_osm_overpass,source_nominatim",30.27401351928711,120.16089630126953,ok,Zhejiang Modern Architectural Design & Research Institute,openalex,2026-03-27T00:34:27+00:00
Zhuhai Fudan Innovation Research Institute,CN,1,not_found,2026-03-12T11:32:21+00:00,1,"source_ror,source_openalex,source_wikipedia,source_osm_overpass,source_nominatim",22.26573944091797,113.57545471191406,ok,Zhuhai Fudan Innovation Research Institute,openalex,2026-03-27T00:34:28+00:00
iMinds,BE,2,not_found,2026-03-12T04:49:51+00:00,1,"source_ror,source_openalex,source_wikipedia,source_osm_overpass,source_nominatim",51.04999923706055,3.716670036315918,ok,iMinds,openalex,2026-03-27T00:34:29+00:00
Łukasiewicz Research Network - Industrial Research Institute for Automation and Measurements,PL,6,not_found,2026-03-12T01:12:59+00:00,1,"source_ror,source_openalex,source_wikipedia,source_osm_overpass,source_nominatim",52.22977066040039,21.01177978515625,ok,Łukasiewicz Research Network - Industrial Research Institute for Automation and Measurements,openalex,2026-03-27T00:34:30+00:00
